drug_name,gene_ID,drug_ID
Acebutolol,153,1
Acepromazine,5621,2
['Acetaminophen'],771,3
['Acetaminophen'],761,3
['Acetaminophen'],766,3
['Acetazolamide'],771,4
['Acetazolamide'],759,4
['Acetazolamide'],760,4
['Acetazolamide'],761,4
['Acetazolamide'],762,4
['Acetazolamide'],765,4
['Acetazolamide'],763,4
['Acetazolamide'],766,4
['Acetazolamide'],768,4
['Acetazolamide'],377677,4
['Acetazolamide'],23632,4
Acetylsalicylic acid,5743,5
['Adenosine monophosphate'],3939,6
['Adenosine monophosphate'],2203,6
['Adenosine monophosphate'],6714,6
['Adenosine monophosphate'],134,6
['Adenosine monophosphate'],5029,6
['Adenosine monophosphate'],5028,6
['Alfuzosin'],146,7
['Alfuzosin'],148,7
['Alfuzosin'],147,7
['Alprenolol'],154,8
['Alprenolol'],153,8
['Alprenolol'],155,8
['Alsterpaullone'],1017,9
['Alsterpaullone'],2931,9
['Alsterpaullone'],2932,9
Aminoglutethimide,1588,10
Aminohippurate,9356,11
['Aminophylline'],135,12
['Aminophylline'],136,12
['Aminophylline'],134,12
['Amitriptyline'],1129,13
['Amitriptyline'],1132,13
['Amitriptyline'],3350,13
['Amitriptyline'],1133,13
['Amitriptyline'],150,13
['Amitriptyline'],1128,13
['Amitriptyline'],1813,13
['Amitriptyline'],1131,13
['Amitriptyline'],1812,13
['Amitriptyline'],1816,13
['Amitriptyline'],6530,13
['Amitriptyline'],3274,13
['Amitriptyline'],3358,13
['Amitriptyline'],6532,13
['Amitriptyline'],148,13
['Amitriptyline'],3269,13
['Amitriptyline'],1814,13
['Amitriptyline'],3362,13
['Amitriptyline'],6531,13
['Amitriptyline'],6331,13
['Amitriptyline'],6335,13
['Amitriptyline'],6326,13
['Amitriptyline'],59340,13
['Amitriptyline'],11255,13
['Amodiaquine'],3176,14
['Amodiaquine'],3757,14
['Amoxapine'],3350,15
['Amoxapine'],1813,15
['Amoxapine'],1815,15
['Amoxapine'],6530,15
['Amoxapine'],3356,15
['Amoxapine'],6532,15
['Amoxapine'],3363,15
['Amoxapine'],1814,15
['Amoxapine'],3362,15
['Amoxapine'],6531,15
['Amoxapine'],59340,15
['Apomorphine'],3350,16
['Apomorphine'],150,16
['Apomorphine'],1813,16
['Apomorphine'],1812,16
['Apomorphine'],1815,16
['Apomorphine'],146,16
['Apomorphine'],3352,16
['Apomorphine'],3351,16
['Apomorphine'],3356,16
['Apomorphine'],3358,16
['Apomorphine'],147,16
['Apomorphine'],1814,16
['Apomorphine'],3357,16
['Apomorphine'],3757,16
['Arecoline'],1129,17
['Arecoline'],1132,17
['Arecoline'],1133,17
['Arecoline'],1128,17
['Arecoline'],1131,17
['Astemizole'],5243,18
['Astemizole'],1576,18
['Astemizole'],3269,18
['Astemizole'],3757,18
['Astemizole'],59340,18
['Atropine'],1129,19
['Atropine'],1132,19
['Atropine'],1133,19
['Atropine'],1128,19
['Atropine'],1131,19
Beclomethasone,222487,20
Bepridil,3757,21
Berberine,43,22
Betaxolol,153,23
Bethanechol,1128,24
Bezafibrate,5468,25
['Biperiden'],1129,26
['Biperiden'],1132,26
['Biperiden'],1133,26
['Biperiden'],1128,26
['Biperiden'],1131,26
['Bisoprolol'],154,27
['Bisoprolol'],153,27
['Bisoprolol'],155,27
['Brinzolamide'],771,28
['Brinzolamide'],759,28
['Brinzolamide'],760,28
['Brinzolamide'],762,28
['Brinzolamide'],766,28
['Brinzolamide'],768,28
['Brinzolamide'],377677,28
['Brompheniramine'],3269,29
['Brompheniramine'],3757,29
Budesonide,2908,30
['Bumetanide'],771,31
['Bumetanide'],759,31
['Bumetanide'],760,31
['Bumetanide'],762,31
['Bumetanide'],765,31
['Bumetanide'],763,31
['Bumetanide'],766,31
['Bumetanide'],768,31
['Bumetanide'],23632,31
['Bumetanide'],11238,31
['Bupropion'],6530,32
['Bupropion'],6532,32
['Bupropion'],6531,32
['Buspirone'],3350,33
['Buspirone'],1813,33
['Buspirone'],3356,33
['Buspirone'],3358,33
['Buspirone'],1814,33
['Buspirone'],3357,33
['Buspirone'],3757,33
['Buspirone'],55244,33
['Buspirone'],10280,33
['Camptothecin'],1111,34
['Camptothecin'],3178,34
['Camptothecin'],7150,34
['Captopril'],2147,35
['Captopril'],5972,35
['Captopril'],1636,35
['Carbachol'],1129,36
['Carbachol'],1132,36
['Carbachol'],1133,36
['Carbachol'],1128,36
['Carbachol'],1131,36
Carmustine,2936,37
Carteolol,153,38
['Cefadroxil'],6565,39
['Cefadroxil'],9356,39
['Cefadroxil'],9376,39
['Cefalotin'],9356,40
['Cefalotin'],9376,40
['Cefalotin'],55867,40
['Cefamandole'],9356,41
['Cefamandole'],9376,41
['Cefamandole'],55867,41
['Cefazolin'],9356,42
['Cefazolin'],9376,42
['Cefazolin'],55867,42
['Cefotaxime'],9356,43
['Cefotaxime'],9376,43
['Cefotaxime'],55867,43
['Celecoxib'],761,44
['Celecoxib'],1559,44
['Celecoxib'],5742,44
['Celecoxib'],5743,44
['Celecoxib'],1432,44
Cetirizine,3269,45
['Chenodeoxycholic acid'],6555,46
['Chenodeoxycholic acid'],9971,46
['Chlorhexidine'],6582,47
['Chlorhexidine'],6580,47
['Chlorhexidine'],6581,47
['Chlorhexidine'],4313,47
['Chlorhexidine'],4318,47
['Chlorhexidine'],146802,47
['Chlorhexidine'],55244,47
Chloropyramine,5747,48
['Chloroquine'],5621,49
['Chloroquine'],1576,49
['Chloroquine'],4835,49
['Chloroquine'],3757,49
['Chlorphenamine'],3269,50
['Chlorphenamine'],3357,50
['Chlorphenamine'],3757,50
['Chlorphenamine'],59340,50
['Chlorpromazine'],6580,51
['Chlorpromazine'],5621,51
['Chlorpromazine'],1129,51
['Chlorpromazine'],5243,51
['Chlorpromazine'],3350,51
['Chlorpromazine'],150,51
['Chlorpromazine'],1565,51
['Chlorpromazine'],1813,51
['Chlorpromazine'],151,51
['Chlorpromazine'],152,51
['Chlorpromazine'],1131,51
['Chlorpromazine'],1812,51
['Chlorpromazine'],1815,51
['Chlorpromazine'],1816,51
['Chlorpromazine'],3356,51
['Chlorpromazine'],3358,51
['Chlorpromazine'],6532,51
['Chlorpromazine'],3363,51
['Chlorpromazine'],148,51
['Chlorpromazine'],3269,51
['Chlorpromazine'],1814,51
['Chlorpromazine'],3357,51
['Chlorpromazine'],3362,51
['Chlorpromazine'],801,51
['Chlorpromazine'],316,51
['Chlorpromazine'],3757,51
['Chlorpromazine'],59340,51
['Chlorpromazine'],11255,51
['Chlorprothixene'],1129,52
['Chlorprothixene'],1132,52
['Chlorprothixene'],1133,52
['Chlorprothixene'],1128,52
['Chlorprothixene'],1813,52
['Chlorprothixene'],1131,52
['Chlorprothixene'],1812,52
['Chlorprothixene'],1815,52
['Chlorprothixene'],1816,52
['Chlorprothixene'],3269,52
['Chlorprothixene'],1814,52
['Chlorprothixene'],11255,52
Cinnarizine,59340,53
['Citalopram'],1128,54
['Citalopram'],6530,54
['Citalopram'],3358,54
['Citalopram'],6532,54
['Citalopram'],148,54
['Citalopram'],3269,54
['Citalopram'],3757,54
Clemastine,6580,55
Clenbuterol,154,56
['Clomipramine'],150,57
['Clomipramine'],1813,57
['Clomipramine'],1812,57
['Clomipramine'],6530,57
['Clomipramine'],3274,57
['Clomipramine'],3356,57
['Clomipramine'],3358,57
['Clomipramine'],6532,57
['Clomipramine'],148,57
['Clomipramine'],1814,57
['Clomipramine'],3362,57
['Clomipramine'],6531,57
['Clonidine'],6580,58
['Clonidine'],150,58
['Clonidine'],151,58
['Clonidine'],152,58
['Clonidine'],146,58
['Clonidine'],148,58
['Clonidine'],147,58
['Clonidine'],11188,58
['Clotrimazole'],3783,59
['Clotrimazole'],7226,59
['Clotrimazole'],1586,59
['Clotrimazole'],5243,59
['Clotrimazole'],1576,59
['Clotrimazole'],1588,59
['Clotrimazole'],3738,59
['Clotrimazole'],3577,59
['Clotrimazole'],554,59
['Clotrimazole'],1233,59
['Clotrimazole'],3757,59
['Clotrimazole'],1595,59
['Clotrimazole'],9971,59
['Clozapine'],3350,60
['Clozapine'],150,60
['Clozapine'],1128,60
['Clozapine'],1813,60
['Clozapine'],152,60
['Clozapine'],1812,60
['Clozapine'],1815,60
['Clozapine'],1816,60
['Clozapine'],3356,60
['Clozapine'],3358,60
['Clozapine'],6532,60
['Clozapine'],3363,60
['Clozapine'],148,60
['Clozapine'],3269,60
['Clozapine'],1814,60
['Clozapine'],3361,60
['Clozapine'],3362,60
['Clozapine'],3757,60
['Clozapine'],59340,60
['Clozapine'],11255,60
Cromoglicic acid,2859,61
['Cyproheptadine'],1129,62
['Cyproheptadine'],1132,62
['Cyproheptadine'],3350,62
['Cyproheptadine'],1133,62
['Cyproheptadine'],1128,62
['Cyproheptadine'],1131,62
['Cyproheptadine'],1812,62
['Cyproheptadine'],6530,62
['Cyproheptadine'],3356,62
['Cyproheptadine'],3358,62
['Cyproheptadine'],6532,62
['Cyproheptadine'],3269,62
['Cyproheptadine'],1814,62
['Cyproheptadine'],3357,62
['Cyproheptadine'],3362,62
['Cyproheptadine'],59340,62
Cytisine,1139,63
Danazol,6462,64
Dapsone,3362,65
['Daunorubicin'],5243,66
['Daunorubicin'],4313,66
['Daunorubicin'],4363,66
['Dehydroepiandrosterone'],6462,67
['Dehydroepiandrosterone'],2539,67
['Dehydroepiandrosterone'],151306,67
['Desipramine'],6580,68
['Desipramine'],1129,68
['Desipramine'],3350,68
['Desipramine'],150,68
['Desipramine'],1813,68
['Desipramine'],6530,68
['Desipramine'],3274,68
['Desipramine'],3351,68
['Desipramine'],3356,68
['Desipramine'],3358,68
['Desipramine'],6532,68
['Desipramine'],148,68
['Desipramine'],3269,68
['Desipramine'],6531,68
['Desipramine'],3757,68
['Dexamethasone'],5319,69
['Dexamethasone'],2908,69
['Dexamethasone'],5241,69
['Dexamethasone'],4306,69
['Dexamethasone'],367,69
['Dexamethasone'],5743,69
['Dextromethorphan'],1565,70
['Dextromethorphan'],10280,70
['Diclofenac'],213,71
['Diclofenac'],3576,71
['Diclofenac'],5742,71
['Diclofenac'],3577,71
['Diclofenac'],5743,71
['Diclofenac'],8644,71
['Diclofenac'],9356,71
['Diclofenamide'],771,72
['Diclofenamide'],759,72
['Diclofenamide'],760,72
['Diclofenamide'],762,72
['Diclofenamide'],765,72
['Diclofenamide'],763,72
['Diclofenamide'],766,72
['Diclofenamide'],768,72
['Diclofenamide'],377677,72
['Diclofenamide'],23632,72
['Diclofenamide'],11238,72
['Dicloxacillin'],28234,73
['Dicloxacillin'],10599,73
['Dicoumarol'],1559,74
['Dicoumarol'],1728,74
['Dicoumarol'],9159,74
['Dicoumarol'],2859,74
Dicyclomine,1129,75
['Diflunisal'],759,76
['Diflunisal'],760,76
['Diflunisal'],213,76
['Diflunisal'],5743,76
['Diflunisal'],9356,76
['Dihydroergotamine'],1576,77
['Dihydroergotamine'],55244,77
Diltiazem,1576,78
['Dinoprostone'],27306,79
['Dinoprostone'],5731,79
['Dinoprostone'],5734,79
['Dinoprostone'],5737,79
['Dinoprostone'],5733,79
['Dinoprostone'],5732,79
['Dinoprostone'],5739,79
['Dinoprostone'],378807,79
['Dinoprostone'],347732,79
['Dinoprostone'],117144,79
['Dinoprostone'],117155,79
['Diphenhydramine'],1129,80
['Diphenhydramine'],1132,80
['Diphenhydramine'],1133,80
['Diphenhydramine'],1128,80
['Diphenhydramine'],1131,80
['Diphenhydramine'],3269,80
['Diphenhydramine'],3757,80
['Dipyridamole'],5138,81
['Dipyridamole'],6582,81
['Dipyridamole'],10257,81
['Dipyridamole'],5151,81
['Dipyridamole'],8654,81
['Dipyridamole'],58497,81
['Dipyridamole'],2030,81
['Dipyridamole'],50940,81
['Dipyridamole'],27115,81
['Dipyridamole'],10846,81
Disopyramide,6582,82
['Disulfiram'],8989,83
['Disulfiram'],11343,83
['Dobutamine'],771,84
['Dobutamine'],759,84
['Dobutamine'],760,84
['Dobutamine'],761,84
['Dobutamine'],762,84
['Dobutamine'],765,84
['Dobutamine'],763,84
['Dobutamine'],766,84
['Dobutamine'],768,84
['Dobutamine'],377677,84
['Dobutamine'],11238,84
['Domperidone'],6582,85
['Domperidone'],1813,85
['Domperidone'],1814,85
['Domperidone'],3757,85
['Domperidone'],55244,85
['Dopamine'],3350,86
['Dopamine'],1813,86
['Dopamine'],1812,86
['Dopamine'],1815,86
['Dopamine'],1816,86
['Dopamine'],6530,86
['Dopamine'],1814,86
['Dopamine'],6531,86
['Dorzolamide'],760,87
['Dorzolamide'],761,87
['Dorzolamide'],762,87
['Dorzolamide'],765,87
['Dorzolamide'],768,87
['Dorzolamide'],377677,87
['Dorzolamide'],23632,87
['Doxazosin'],150,88
['Doxazosin'],152,88
['Doxazosin'],146,88
['Doxazosin'],148,88
['Doxazosin'],147,88
['Doxazosin'],3757,88
['Doxepin'],1129,89
['Doxepin'],1132,89
['Doxepin'],3350,89
['Doxepin'],1133,89
['Doxepin'],1128,89
['Doxepin'],1813,89
['Doxepin'],1131,89
['Doxepin'],6532,89
['Doxepin'],3269,89
['Doxepin'],3362,89
['Doxepin'],59340,89
['Doxorubicin'],6790,90
['Doxorubicin'],5243,90
['Doxorubicin'],4313,90
['Doxorubicin'],7153,90
['Doxorubicin'],1717,90
['Droperidol'],1813,91
['Droperidol'],1815,91
['Droperidol'],3757,91
['Econazole'],7226,92
['Econazole'],1586,92
['Econazole'],1576,92
['Econazole'],1595,92
Edrophonium,43,93
Enalapril,1636,94
Enoxacin,526,95
Equilin,6462,96
['Estradiol'],6580,97
['Estradiol'],6581,97
['Estradiol'],2103,97
['Estradiol'],2099,97
['Estradiol'],6462,97
['Estradiol'],367,97
['Estradiol'],2101,97
['Estradiol'],316,97
['Estradiol'],2100,97
['Estradiol'],2852,97
Estriol,6462,98
['Estrone'],2099,99
['Estrone'],6462,99
['Estrone'],3292,99
['Estrone'],2100,99
['Estrone'],9429,99
['Estropipate'],4363,100
['Estropipate'],10599,100
['Ethacrynic acid'],27306,101
['Ethacrynic acid'],2938,101
['Ethacrynic acid'],2950,101
['Ethopropazine'],590,102
['Ethopropazine'],43,102
Etodolac,5743,103
['Etomidate'],1584,104
['Etomidate'],1585,104
Etoposide,836,105
['Felodipine'],1080,106
['Felodipine'],9971,106
['Fendiline'],846,107
['Fendiline'],3357,107
['Fenofibrate'],5468,108
['Fenofibrate'],5465,108
Fenoprofen,5743,109
Fenoterol,154,110
['Finasteride'],6715,111
['Finasteride'],6716,111
Flecainide,6331,112
['Flufenamic Acid'],7276,113
['Flufenamic Acid'],4353,113
['Flufenamic Acid'],5742,113
['Flufenamic Acid'],5743,113
['Flufenamic Acid'],8644,113
['Flufenamic Acid'],1646,113
['Flufenamic Acid'],54795,113
['Flunarizine'],8912,114
['Flunarizine'],4988,114
['Flunarizine'],4985,114
['Flunarizine'],4986,114
['Flunarizine'],774,114
['Fluoxetine'],1129,115
['Fluoxetine'],1132,115
['Fluoxetine'],1133,115
['Fluoxetine'],150,115
['Fluoxetine'],1128,115
['Fluoxetine'],1131,115
['Fluoxetine'],43,115
['Fluoxetine'],6530,115
['Fluoxetine'],3356,115
['Fluoxetine'],3358,115
['Fluoxetine'],6532,115
['Fluoxetine'],148,115
['Fluoxetine'],3269,115
['Fluoxetine'],3357,115
['Fluoxetine'],6531,115
['Fluoxetine'],3757,115
['Fluoxetine'],10280,115
['Fluphenazine'],1129,116
['Fluphenazine'],5243,116
['Fluphenazine'],3350,116
['Fluphenazine'],150,116
['Fluphenazine'],1812,116
['Fluphenazine'],1816,116
['Fluphenazine'],3356,116
['Fluphenazine'],3358,116
['Fluphenazine'],3269,116
['Fluphenazine'],1814,116
['Fluphenazine'],3362,116
['Flurbiprofen'],5742,117
['Flurbiprofen'],5743,117
['Flurbiprofen'],8644,117
['Flurbiprofen'],9356,117
['Fluspirilene'],154,118
['Fluspirilene'],153,118
['Fluspirilene'],3350,118
['Fluspirilene'],150,118
['Fluspirilene'],1813,118
['Fluspirilene'],151,118
['Fluspirilene'],152,118
['Fluspirilene'],6915,118
['Fluspirilene'],1815,118
['Fluspirilene'],3352,118
['Fluspirilene'],3351,118
['Fluspirilene'],3356,118
['Fluspirilene'],3354,118
['Fluspirilene'],6532,118
['Fluspirilene'],3269,118
['Fluspirilene'],1814,118
['Fluspirilene'],4987,118
['Fluspirilene'],3357,118
['Fluspirilene'],3362,118
['Fluspirilene'],3757,118
Flutamide,367,119
Fluticasone Propionate,2908,120
Fluvastatin,3156,121
['Fluvoxamine'],6532,122
['Fluvoxamine'],6531,122
['Furosemide'],3290,123
['Furosemide'],2859,123
Gabapentin,781,124
['Galantamine'],590,125
['Galantamine'],43,125
['Gallamine Triethiodide'],1129,126
['Gallamine Triethiodide'],1128,126
['Gefitinib'],2580,127
['Gefitinib'],2051,127
['Gefitinib'],8767,127
['Gefitinib'],8986,127
['Gefitinib'],9262,127
['Gefitinib'],6793,127
['Gefitinib'],11200,127
['Gefitinib'],25,127
['Gefitinib'],1956,127
['Gefitinib'],2064,127
['Gefitinib'],3932,127
['Gefitinib'],5979,127
['Gefitinib'],4233,127
['Gefitinib'],3055,127
['Gefitinib'],2268,127
['Gefitinib'],3815,127
['Gefitinib'],6714,127
['Gefitinib'],5261,127
['Gefitinib'],2065,127
['Gefitinib'],2042,127
['Gefitinib'],4058,127
['Gefitinib'],558,127
['Gefitinib'],3791,127
['Gefitinib'],2322,127
['Gefitinib'],27,127
['Gefitinib'],5601,127
['Gefitinib'],1453,127
['Gefitinib'],1454,127
['Gefitinib'],1022,127
['Gefitinib'],3654,127
['Gefitinib'],5602,127
['Gefitinib'],2044,127
['Gefitinib'],2050,127
['Gefitinib'],2047,127
['Gefitinib'],5607,127
['Gefitinib'],5587,127
['Gefitinib'],2066,127
['Gefitinib'],388228,127
['Gefitinib'],80122,127
['Gefitinib'],50488,127
['Gefitinib'],147746,127
['Gefitinib'],79837,127
['Gefitinib'],4215,127
['Gefitinib'],85443,127
['Gefitinib'],81788,127
['Gefitinib'],9748,127
['Gefitinib'],2872,127
['Gefitinib'],27148,127
['Gefitinib'],51135,127
['Gefitinib'],51701,127
['Gefitinib'],9263,127
['Gefitinib'],285220,127
['Gefitinib'],23043,127
['Gefitinib'],9429,127
['Gefitinib'],10746,127
['Gemfibrozil'],1558,128
['Gemfibrozil'],1559,128
['Gemfibrozil'],28234,128
['Gemfibrozil'],10599,128
['Genistein'],8972,129
['Genistein'],2103,129
['Genistein'],25,129
['Genistein'],1956,129
['Genistein'],2099,129
['Genistein'],2101,129
['Genistein'],3292,129
['Genistein'],5578,129
['Genistein'],3293,129
['Genistein'],316,129
['Genistein'],1432,129
['Genistein'],2100,129
['Genistein'],28234,129
['Genistein'],9429,129
['Genistein'],10599,129
Glipizide,1576,130
Glyburide,10060,131
['Glycopyrrolate'],1129,132
['Glycopyrrolate'],1132,132
['Glycopyrrolate'],1133,132
['Glycopyrrolate'],1128,132
['Glycopyrrolate'],1131,132
['Guanabenz'],150,133
['Guanabenz'],151,133
['Guanabenz'],152,133
['Guanabenz'],11188,133
['Guanfacine'],150,134
['Guanfacine'],11188,134
Halofantrine,3757,135
['Haloperidol'],154,136
['Haloperidol'],5243,136
['Haloperidol'],3350,136
['Haloperidol'],150,136
['Haloperidol'],1813,136
['Haloperidol'],152,136
['Haloperidol'],1812,136
['Haloperidol'],6915,136
['Haloperidol'],1815,136
['Haloperidol'],1816,136
['Haloperidol'],3352,136
['Haloperidol'],3351,136
['Haloperidol'],3356,136
['Haloperidol'],3358,136
['Haloperidol'],3354,136
['Haloperidol'],3355,136
['Haloperidol'],6532,136
['Haloperidol'],3363,136
['Haloperidol'],148,136
['Haloperidol'],3269,136
['Haloperidol'],1814,136
['Haloperidol'],3357,136
['Haloperidol'],3362,136
['Haloperidol'],3757,136
['Haloperidol'],10682,136
['Haloperidol'],10280,136
['Hesperetin'],1543,137
['Hesperetin'],1432,137
['Hesperetin'],1545,137
['Hydrochlorothiazide'],771,138
['Hydrochlorothiazide'],760,138
['Hydrochlorothiazide'],762,138
['Hydrochlorothiazide'],765,138
['Hydrochlorothiazide'],763,138
['Hydrochlorothiazide'],766,138
['Hydrochlorothiazide'],768,138
['Hydrochlorothiazide'],23632,138
['Hydrochlorothiazide'],11238,138
['Hydroflumethiazide'],771,139
['Hydroflumethiazide'],759,139
['Hydroflumethiazide'],760,139
['Hydroflumethiazide'],762,139
['Hydroflumethiazide'],765,139
['Hydroflumethiazide'],766,139
['Hydroflumethiazide'],768,139
['Hydroflumethiazide'],23632,139
['Hydroflumethiazide'],11238,139
Hydroxyzine,3269,140
Idoxuridine,7083,141
['Ifenprodil'],3269,142
['Ifenprodil'],3757,142
['Ifenprodil'],2904,142
['Ifenprodil'],10280,142
['Imatinib'],10733,143
['Imatinib'],2580,143
['Imatinib'],6582,143
['Imatinib'],771,143
['Imatinib'],25,143
['Imatinib'],759,143
['Imatinib'],760,143
['Imatinib'],3932,143
['Imatinib'],2534,143
['Imatinib'],1436,143
['Imatinib'],761,143
['Imatinib'],4067,143
['Imatinib'],5243,143
['Imatinib'],5159,143
['Imatinib'],3815,143
['Imatinib'],4835,143
['Imatinib'],5156,143
['Imatinib'],762,143
['Imatinib'],765,143
['Imatinib'],2046,143
['Imatinib'],7297,143
['Imatinib'],2322,143
['Imatinib'],27,143
['Imatinib'],2444,143
['Imatinib'],766,143
['Imatinib'],6850,143
['Imatinib'],5599,143
['Imatinib'],5601,143
['Imatinib'],1195,143
['Imatinib'],3654,143
['Imatinib'],5602,143
['Imatinib'],780,143
['Imatinib'],3735,143
['Imatinib'],768,143
['Imatinib'],4921,143
['Imatinib'],146802,143
['Imatinib'],147746,143
['Imatinib'],79837,143
['Imatinib'],55244,143
['Imatinib'],57396,143
['Imatinib'],9263,143
['Imatinib'],23632,143
['Imatinib'],9429,143
['Imipramine'],6582,144
['Imipramine'],5621,144
['Imipramine'],1129,144
['Imipramine'],1132,144
['Imipramine'],3350,144
['Imipramine'],1133,144
['Imipramine'],150,144
['Imipramine'],1128,144
['Imipramine'],1813,144
['Imipramine'],1131,144
['Imipramine'],6530,144
['Imipramine'],3274,144
['Imipramine'],3356,144
['Imipramine'],3358,144
['Imipramine'],6532,144
['Imipramine'],148,144
['Imipramine'],3269,144
['Imipramine'],1814,144
['Imipramine'],6531,144
['Imipramine'],3757,144
['Imipramine'],55244,144
['Indapamide'],771,145
['Indapamide'],760,145
['Indapamide'],765,145
['Indapamide'],766,145
['Indapamide'],377677,145
['Indomethacin'],240,146
['Indomethacin'],3576,146
['Indomethacin'],367,146
['Indomethacin'],231,146
['Indomethacin'],5742,146
['Indomethacin'],6916,146
['Indomethacin'],5743,146
['Indomethacin'],8644,146
['Indomethacin'],5732,146
['Indomethacin'],9356,146
['Indomethacin'],9376,146
['Indomethacin'],11251,146
['Indomethacin'],10599,146
['Iproniazid'],4128,147
['Iproniazid'],4129,147
['Irinotecan'],6582,148
['Irinotecan'],43,148
['Irinotecan'],146802,148
['Irinotecan'],55244,148
Isoconazole,1586,149
Isoetarine,154,150
Isoniazid,1557,151
Isradipine,776,152
['Ketoprofen'],5742,153
['Ketoprofen'],5743,153
['Ketoprofen'],9356,153
['Ketorolac'],5742,154
['Ketorolac'],5743,154
['Ketotifen'],3356,155
['Ketotifen'],3358,155
['Ketotifen'],3269,155
['Ketotifen'],3357,155
['Labetalol'],153,156
['Labetalol'],155,156
Leflunomide,1723,157
['Letrozole'],1588,158
['Letrozole'],1584,158
['Letrozole'],1585,158
Levobunolol,155,159
Levonorgestrel,6462,160
Lisinopril,1636,161
['Lisuride'],3350,162
['Lisuride'],1813,162
['Lisuride'],1812,162
['Lisuride'],3356,162
['Lisuride'],1814,162
Lobeline,1139,163
['Loperamide'],5243,164
['Loperamide'],3269,164
['Loperamide'],4988,164
['Loperamide'],4985,164
['Loperamide'],4986,164
['Loperamide'],7010,164
['Lovastatin'],8856,165
['Lovastatin'],3156,165
['Lovastatin'],5243,165
['Loxapine'],1129,166
['Loxapine'],1132,166
['Loxapine'],3350,166
['Loxapine'],1133,166
['Loxapine'],150,166
['Loxapine'],1128,166
['Loxapine'],1813,166
['Loxapine'],151,166
['Loxapine'],152,166
['Loxapine'],1131,166
['Loxapine'],1815,166
['Loxapine'],3356,166
['Loxapine'],3358,166
['Loxapine'],3363,166
['Loxapine'],148,166
['Loxapine'],3269,166
['Loxapine'],1814,166
['Loxapine'],3362,166
['Loxapine'],57582,166
['Loxapine'],59340,166
['Mafenide'],759,167
['Mafenide'],760,167
['Mafenide'],762,167
['Mafenide'],766,167
['Maprotiline'],1813,168
['Maprotiline'],1812,168
['Maprotiline'],1816,168
['Maprotiline'],6530,168
['Maprotiline'],6532,168
['Maprotiline'],3269,168
['Maprotiline'],1814,168
['Maprotiline'],6531,168
['Maprotiline'],11255,168
['Masoprocol'],3480,169
['Masoprocol'],240,169
['Masoprocol'],1588,169
['Masoprocol'],239,169
['Mebendazole'],25,170
['Mebendazole'],3791,170
Mecamylamine,1135,171
['Meclofenamic acid'],2169,172
['Meclofenamic acid'],5742,172
['Meclofenamic acid'],5743,172
['Mefenamic acid'],5743,173
['Mefenamic acid'],8644,173
['Mefenamic acid'],1646,173
['Mefenamic acid'],1645,173
Mefloquine,3757,174
['Melatonin'],4835,175
['Melatonin'],4504,175
['Melatonin'],3357,175
['Melatonin'],4543,175
['Melatonin'],4544,175
Memantine,2902,176
['Menadione'],3620,177
['Menadione'],7052,177
['Menadione'],4129,177
['Menadione'],994,177
['Menadione'],316,177
['Mepenzolate'],1129,178
['Mepenzolate'],1131,178
['Mepyramine'],3269,179
['Mepyramine'],3757,179
['Mesoridazine'],1129,180
['Mesoridazine'],1132,180
['Mesoridazine'],3350,180
['Mesoridazine'],1133,180
['Mesoridazine'],150,180
['Mesoridazine'],1128,180
['Mesoridazine'],1813,180
['Mesoridazine'],1131,180
['Mesoridazine'],1812,180
['Mesoridazine'],1815,180
['Mesoridazine'],3356,180
['Mesoridazine'],3358,180
['Mesoridazine'],3269,180
['Mesoridazine'],1814,180
['Mesoridazine'],3362,180
['Mesoridazine'],3757,180
Methocarbamol,759,181
['Methotrexate'],1719,182
['Methotrexate'],7298,182
['Methotrexate'],6573,182
['Methotrexate'],2356,182
Methoxamine,148,183
['Methoxsalen'],1548,184
['Methoxsalen'],43,184
Methyldopa,1491,185
['Methylergometrine'],3354,186
['Methylergometrine'],3355,186
['Methylergometrine'],3357,186
['Metoclopramide'],1565,187
['Metoclopramide'],1813,187
['Metoclopramide'],1814,187
['Metoclopramide'],3360,187
['Metolazone'],771,188
['Metolazone'],760,188
['Metolazone'],762,188
['Metolazone'],765,188
['Metolazone'],763,188
['Metolazone'],768,188
['Metolazone'],23632,188
['Metolazone'],11238,188
['Metoprolol'],154,189
['Metoprolol'],153,189
['Metoprolol'],155,189
['Metyrapone'],1576,190
['Metyrapone'],1584,190
['Metyrapone'],1585,190
['Mexiletine'],3757,191
['Mexiletine'],6326,191
['Mianserin'],3350,192
['Mianserin'],150,192
['Mianserin'],1813,192
['Mianserin'],151,192
['Mianserin'],152,192
['Mianserin'],1812,192
['Mianserin'],3274,192
['Mianserin'],3356,192
['Mianserin'],3358,192
['Mianserin'],3355,192
['Mianserin'],6532,192
['Mianserin'],3363,192
['Mianserin'],148,192
['Mianserin'],3269,192
['Mianserin'],1814,192
['Mianserin'],3357,192
['Mianserin'],3362,192
['Mianserin'],6531,192
['Mianserin'],59340,192
['Miconazole'],2916,193
['Miconazole'],1586,193
['Miconazole'],5243,193
['Miconazole'],1576,193
['Miconazole'],1588,193
['Miconazole'],1595,193
['Mifepristone'],8856,194
['Mifepristone'],2908,194
['Mifepristone'],5241,194
['Mifepristone'],4306,194
['Mifepristone'],1576,194
['Mifepristone'],367,194
['Mifepristone'],2100,194
['Milrinone'],8654,195
['Milrinone'],5742,195
['Milrinone'],5140,195
['Milrinone'],5139,195
Mimosine,7299,196
['Mitoxantrone'],5292,197
['Mitoxantrone'],7153,197
['Mitoxantrone'],4363,197
['Mitoxantrone'],695,197
['Mitoxantrone'],146802,197
['Mitoxantrone'],55244,197
['Molindone'],3350,198
['Molindone'],150,198
['Molindone'],1813,198
['Molindone'],151,198
['Molindone'],152,198
['Molindone'],1815,198
['Molindone'],3356,198
['Molindone'],3358,198
['Molindone'],3363,198
['Molindone'],148,198
['Molindone'],3269,198
['Molindone'],1814,198
['Molindone'],3362,198
['Mycophenolic acid'],3615,199
['Mycophenolic acid'],3614,199
['Mycophenolic acid'],5468,199
['Myricetin'],390245,200
['Myricetin'],1543,200
['Myricetin'],3643,200
['Myricetin'],4137,200
['Myricetin'],5292,200
['Myricetin'],1588,200
['Myricetin'],4363,200
['Myricetin'],2322,200
['Myricetin'],3293,200
['Myricetin'],7498,200
['Myricetin'],5602,200
['Myricetin'],3735,200
['Myricetin'],4638,200
['Myricetin'],1432,200
['Myricetin'],1545,200
['Nadolol'],153,201
['Nadolol'],155,201
['Nalbuphine'],4988,202
['Nalbuphine'],4985,202
['Nalbuphine'],4986,202
['Naloxone'],4988,203
['Naloxone'],4985,203
['Naloxone'],4986,203
['Naloxone'],2831,203
['Naphazoline'],150,204
['Naphazoline'],151,204
['Naphazoline'],152,204
['Naphazoline'],11188,204
['Naringenin'],6462,205
['Naringenin'],1588,205
['Naringenin'],3292,205
['Naringenin'],873,205
['Naringenin'],4363,205
['Naringenin'],1545,205
Niacin,338442,206
['Nicardipine'],5243,207
['Nicardipine'],1576,207
['Nicardipine'],1559,207
['Niclosamide'],57582,208
['Niclosamide'],6275,208
['Niclosamide'],2475,208
['Niclosamide'],6774,208
['Niclosamide'],4790,208
['Niclosamide'],5970,208
['Niclosamide'],4791,208
['Niclosamide'],5971,208
['Niclosamide'],5966,208
['Niclosamide'],3516,208
['Nifedipine'],1576,209
['Nifedipine'],3741,209
['Nifedipine'],2741,209
['Nifedipine'],776,209
['Nifedipine'],775,209
['Niflumic Acid'],5743,210
['Niflumic Acid'],2859,210
Nilutamide,367,211
['Nimesulide'],4353,212
['Nimesulide'],5743,212
['Nimodipine'],8856,213
['Nimodipine'],4306,213
['Nimodipine'],9971,213
['Nitrendipine'],776,214
['Nitrendipine'],775,214
['Nomifensine'],3350,215
['Nomifensine'],6530,215
['Nomifensine'],6532,215
['Nomifensine'],3269,215
['Nomifensine'],6531,215
['Norethindrone'],6462,216
['Norethindrone'],5241,216
['Nortriptyline'],1129,217
['Nortriptyline'],1132,217
['Nortriptyline'],3350,217
['Nortriptyline'],1133,217
['Nortriptyline'],150,217
['Nortriptyline'],1565,217
['Nortriptyline'],1128,217
['Nortriptyline'],1813,217
['Nortriptyline'],1131,217
['Nortriptyline'],6530,217
['Nortriptyline'],3274,217
['Nortriptyline'],3358,217
['Nortriptyline'],6532,217
['Nortriptyline'],3269,217
['Nortriptyline'],3362,217
['Nortriptyline'],6531,217
Omeprazole,1576,218
['Ondansetron'],6582,219
['Ondansetron'],9177,219
['Ondansetron'],3359,219
['Ondansetron'],3757,219
['Ondansetron'],146802,219
['Ondansetron'],55244,219
Orciprenaline,154,220
['Orlistat'],7920,221
['Orlistat'],5406,221
['Orlistat'],1268,221
['Orlistat'],2194,221
['Orlistat'],7941,221
['Orlistat'],26090,221
['Orlistat'],221955,221
['Orlistat'],747,221
['Orphenadrine'],6582,222
['Orphenadrine'],1129,222
['Orphenadrine'],1132,222
['Orphenadrine'],1133,222
['Orphenadrine'],1128,222
['Orphenadrine'],1131,222
['Orphenadrine'],3757,222
['Ouabain'],476,223
['Ouabain'],3091,223
['Ouabain'],1977,223
['Ouabain'],6714,223
Oxaprozin,5742,224
['Oxybutynin'],1129,225
['Oxybutynin'],1132,225
['Oxybutynin'],1133,225
['Oxybutynin'],1128,225
['Oxybutynin'],1131,225
['Oxymetazoline'],150,226
['Oxymetazoline'],151,226
['Oxymetazoline'],152,226
['Oxymetazoline'],3352,226
['Oxymetazoline'],3351,226
['Oxymetazoline'],3356,226
['Oxymetazoline'],3358,226
['Oxymetazoline'],3354,226
['Oxymetazoline'],3357,226
['Oxymetazoline'],11188,226
['Papaverine'],5138,227
['Papaverine'],8654,227
['Papaverine'],3757,227
['Papaverine'],5140,227
['Papaverine'],5139,227
['Papaverine'],10846,227
['Pargyline'],4128,228
['Pargyline'],4129,228
['Paroxetine'],1129,229
['Paroxetine'],150,229
['Paroxetine'],1565,229
['Paroxetine'],6530,229
['Paroxetine'],6869,229
['Paroxetine'],6532,229
['Paroxetine'],6531,229
['Paroxetine'],5025,229
['Pentamidine'],6582,230
['Pentamidine'],6581,230
['Pentamidine'],6285,230
['Pentamidine'],5644,230
['Pentamidine'],26,230
['Pentamidine'],6303,230
['Pentamidine'],146802,230
['Pentamidine'],55244,230
['Pentamidine'],6768,230
['Pentoxifylline'],151,231
['Pentoxifylline'],43,231
['Pentoxifylline'],136,231
['Pergolide'],3350,232
['Pergolide'],150,232
['Pergolide'],1813,232
['Pergolide'],1812,232
['Pergolide'],146,232
['Pergolide'],3352,232
['Pergolide'],3351,232
['Pergolide'],3356,232
['Pergolide'],3358,232
['Pergolide'],147,232
['Pergolide'],1814,232
['Pergolide'],3357,232
['Pergolide'],3757,232
Perhexiline,3757,233
['Perphenazine'],1129,234
['Perphenazine'],3350,234
['Perphenazine'],150,234
['Perphenazine'],1813,234
['Perphenazine'],151,234
['Perphenazine'],152,234
['Perphenazine'],1131,234
['Perphenazine'],1815,234
['Perphenazine'],3356,234
['Perphenazine'],3358,234
['Perphenazine'],148,234
['Perphenazine'],3269,234
['Perphenazine'],1814,234
['Perphenazine'],3362,234
['Perphenazine'],316,234
['Phenelzine'],23028,235
['Phenelzine'],1558,235
['Phenelzine'],4128,235
['Phenelzine'],4129,235
['Phenelzine'],6531,235
['Phenelzine'],8639,235
Phenformin,6580,236
Pheniramine,59340,237
['Phenoxybenzamine'],6582,238
['Phenoxybenzamine'],6580,238
['Phenoxybenzamine'],6581,238
['Phentolamine'],3350,239
['Phentolamine'],150,239
['Phentolamine'],151,239
['Phentolamine'],152,239
['Phentolamine'],146,239
['Phentolamine'],148,239
['Phentolamine'],3269,239
['Phentolamine'],147,239
['Phentolamine'],10280,239
['Phentolamine'],11188,239
['Physostigmine'],590,240
['Physostigmine'],43,240
Pilocarpine,1128,241
['Pimozide'],8913,242
['Pimozide'],1129,242
['Pimozide'],5243,242
['Pimozide'],1576,242
['Pimozide'],3350,242
['Pimozide'],150,242
['Pimozide'],1813,242
['Pimozide'],151,242
['Pimozide'],152,242
['Pimozide'],1131,242
['Pimozide'],1815,242
['Pimozide'],3352,242
['Pimozide'],3356,242
['Pimozide'],3358,242
['Pimozide'],3363,242
['Pimozide'],148,242
['Pimozide'],3269,242
['Pimozide'],4988,242
['Pimozide'],1814,242
['Pimozide'],4985,242
['Pimozide'],4986,242
['Pimozide'],3757,242
['Pindolol'],154,243
['Pindolol'],153,243
['Pindolol'],3350,243
['Pindolol'],155,243
['Pindolol'],3352,243
['Pindolol'],3351,243
['Pindolol'],3356,243
['Pindolol'],3357,243
['Pioglitazone'],4129,244
['Pioglitazone'],5468,244
['Pirenzepine'],1129,245
['Pirenzepine'],1132,245
['Pirenzepine'],1133,245
['Pirenzepine'],1128,245
['Pirenzepine'],1131,245
['Piroxicam'],1576,246
['Piroxicam'],5742,246
['Piroxicam'],5743,246
['Piroxicam'],9376,246
Practolol,153,247
['Prazosin'],6580,248
['Prazosin'],150,248
['Prazosin'],4835,248
['Prazosin'],151,248
['Prazosin'],152,248
['Prazosin'],1815,248
['Prazosin'],146,248
['Prazosin'],4504,248
['Prazosin'],3352,248
['Prazosin'],148,248
['Prazosin'],147,248
['Prazosin'],55244,248
['Prednisolone'],2908,249
['Prednisolone'],4306,249
['Prednisolone'],367,249
['Prednisolone'],2752,249
Pregnenolone,6462,250
Primaquine,4835,251
['Probenecid'],9356,252
['Probenecid'],9376,252
['Procainamide'],1129,253
['Procainamide'],43,253
['Prochlorperazine'],1129,254
['Prochlorperazine'],150,254
['Prochlorperazine'],1813,254
['Prochlorperazine'],1815,254
['Prochlorperazine'],3358,254
['Prochlorperazine'],3269,254
['Prochlorperazine'],1814,254
['Procyclidine'],1129,255
['Procyclidine'],1132,255
['Procyclidine'],1133,255
['Procyclidine'],1128,255
['Procyclidine'],1131,255
['Progesterone'],6580,256
['Progesterone'],6581,256
['Progesterone'],2908,256
['Progesterone'],6462,256
['Progesterone'],5241,256
['Progesterone'],4306,256
['Progesterone'],367,256
['Progesterone'],1559,256
['Progesterone'],151306,256
['Progesterone'],10280,256
['Promazine'],5621,257
['Promazine'],1129,257
['Promazine'],150,257
['Promazine'],1813,257
['Promazine'],3358,257
['Promazine'],3269,257
['Promazine'],1814,257
['Promethazine'],5621,258
['Promethazine'],1813,258
['Promethazine'],3356,258
['Promethazine'],6532,258
['Promethazine'],3269,258
['Promethazine'],59340,258
['Propafenone'],10060,259
['Propafenone'],5243,259
['Propafenone'],3757,259
['Propafenone'],6331,259
['Propranolol'],154,260
['Propranolol'],153,260
['Propranolol'],3350,260
['Propranolol'],1565,260
['Propranolol'],155,260
['Propranolol'],3351,260
['Propranolol'],3356,260
['Propranolol'],6554,260
['Protriptyline'],6530,261
['Protriptyline'],6532,261
['Protriptyline'],6531,261
['Pyrimethamine'],1719,262
['Pyrimethamine'],55244,262
['Quercetin'],771,263
['Quercetin'],9891,263
['Quercetin'],1956,263
['Quercetin'],759,263
['Quercetin'],760,263
['Quercetin'],5319,263
['Quercetin'],1543,263
['Quercetin'],4353,263
['Quercetin'],1544,263
['Quercetin'],983,263
['Quercetin'],761,263
['Quercetin'],3480,263
['Quercetin'],5243,263
['Quercetin'],4313,263
['Quercetin'],4314,263
['Quercetin'],4233,263
['Quercetin'],240,263
['Quercetin'],5292,263
['Quercetin'],1588,263
['Quercetin'],6714,263
['Quercetin'],4318,263
['Quercetin'],231,263
['Quercetin'],246,263
['Quercetin'],239,263
['Quercetin'],4128,263
['Quercetin'],1815,263
['Quercetin'],762,263
['Quercetin'],765,263
['Quercetin'],3577,263
['Quercetin'],5295,263
['Quercetin'],554,263
['Quercetin'],558,263
['Quercetin'],207,263
['Quercetin'],4363,263
['Quercetin'],763,263
['Quercetin'],3791,263
['Quercetin'],2322,263
['Quercetin'],3294,263
['Quercetin'],766,263
['Quercetin'],4322,263
['Quercetin'],7498,263
['Quercetin'],1233,263
['Quercetin'],4751,263
['Quercetin'],5347,263
['Quercetin'],5602,263
['Quercetin'],1457,263
['Quercetin'],2739,263
['Quercetin'],5747,263
['Quercetin'],816,263
['Quercetin'],5585,263
['Quercetin'],1432,263
['Quercetin'],1545,263
['Quercetin'],768,263
['Quercetin'],9212,263
['Quercetin'],10783,263
['Quercetin'],50507,263
['Quercetin'],23632,263
['Quercetin'],238,263
['Quercetin'],9429,263
['Quinacrine'],5621,264
['Quinacrine'],316,264
Quinethazone,760,265
['Quinidine'],5243,266
['Quinidine'],1565,266
['Raloxifene'],5338,267
['Raloxifene'],2099,267
['Raloxifene'],3357,267
['Raloxifene'],3362,267
['Raloxifene'],316,267
['Raloxifene'],5337,267
['Raloxifene'],10682,267
['Raloxifene'],2100,267
['Raloxifene'],10280,267
Ramipril,1636,268
Ranitidine,3274,269
['Remoxipride'],3350,270
['Remoxipride'],1813,270
['Remoxipride'],1815,270
['Remoxipride'],3356,270
['Repaglinide'],6580,271
['Repaglinide'],6833,271
['Resveratrol'],771,272
['Resveratrol'],759,272
['Resveratrol'],760,272
['Resveratrol'],2099,272
['Resveratrol'],761,272
['Resveratrol'],4835,272
['Resveratrol'],762,272
['Resveratrol'],5742,272
['Resveratrol'],765,272
['Resveratrol'],763,272
['Resveratrol'],5743,272
['Resveratrol'],5468,272
['Resveratrol'],766,272
['Resveratrol'],1545,272
['Resveratrol'],768,272
['Resveratrol'],377677,272
['Resveratrol'],23632,272
['Resveratrol'],11238,272
['Ribavirin'],3615,273
['Ribavirin'],3614,273
['Risperidone'],154,274
['Risperidone'],1129,274
['Risperidone'],1132,274
['Risperidone'],153,274
['Risperidone'],3350,274
['Risperidone'],150,274
['Risperidone'],1128,274
['Risperidone'],1813,274
['Risperidone'],151,274
['Risperidone'],152,274
['Risperidone'],1812,274
['Risperidone'],6915,274
['Risperidone'],1815,274
['Risperidone'],1816,274
['Risperidone'],3352,274
['Risperidone'],3351,274
['Risperidone'],3356,274
['Risperidone'],3358,274
['Risperidone'],3354,274
['Risperidone'],3355,274
['Risperidone'],6532,274
['Risperidone'],3363,274
['Risperidone'],148,274
['Risperidone'],3269,274
['Risperidone'],1814,274
['Risperidone'],3357,274
['Risperidone'],3362,274
['Risperidone'],3757,274
['Risperidone'],55244,274
['Risperidone'],10280,274
['Rofecoxib'],5742,275
['Rofecoxib'],5743,275
['Rofecoxib'],5732,275
['Rosiglitazone'],5916,276
['Rosiglitazone'],4129,276
['Rosiglitazone'],5468,276
['Rosiglitazone'],5467,276
['Rosiglitazone'],5465,276
['Salbutamol'],154,277
['Salbutamol'],153,277
['Simvastatin'],3156,278
['Simvastatin'],5243,278
['Simvastatin'],10599,278
['Sotalol'],153,279
['Sotalol'],155,279
['Spironolactone'],2099,280
['Spironolactone'],2908,280
['Spironolactone'],5241,280
['Spironolactone'],4306,280
['Spironolactone'],367,280
['Spironolactone'],2100,280
Staurosporine,1111,281
Sulfamethizole,1576,282
['Sulfanilamide'],759,283
['Sulfanilamide'],760,283
['Sulfanilamide'],761,283
['Sulfanilamide'],762,283
['Sulfanilamide'],768,283
['Sulfanilamide'],377677,283
Sulfaphenazole,1559,284
Sulfinpyrazone,2357,285
['Sulpiride'],759,286
['Sulpiride'],760,286
['Sulpiride'],1813,286
['Sulpiride'],1815,286
['Sulpiride'],763,286
['Sulpiride'],1814,286
['Sulpiride'],766,286
['Sulpiride'],768,286
['Sulpiride'],11238,286
['Suprofen'],1559,287
['Suprofen'],5742,287
['Suprofen'],5743,287
['TTNPB'],5914,288
['TTNPB'],5915,288
['TTNPB'],5916,288
['Tacrine'],6582,289
['Tacrine'],1544,289
['Tacrine'],590,289
['Tacrine'],1129,289
['Tacrine'],1268,289
['Tacrine'],43,289
['Tacrine'],1269,289
['Tacrine'],1145,289
['Tacrine'],55244,289
['Tamoxifen'],2099,290
['Tamoxifen'],5243,290
['Tamoxifen'],1576,290
['Tamoxifen'],2101,290
['Tamoxifen'],1555,290
['Tamoxifen'],3362,290
['Tamoxifen'],3757,290
['Tamoxifen'],10682,290
['Tamoxifen'],2100,290
['Tamoxifen'],10280,290
['Tamoxifen'],84650,290
['Tamoxifen'],1717,290
['Terazosin'],150,291
['Terazosin'],151,291
['Terazosin'],152,291
['Terazosin'],146,291
['Terazosin'],148,291
['Terazosin'],147,291
['Terbutaline'],154,292
['Terbutaline'],156,292
Terconazole,1595,293
['Terfenadine'],5243,294
['Terfenadine'],1576,294
['Terfenadine'],1128,294
['Terfenadine'],3269,294
['Terfenadine'],1573,294
['Terfenadine'],3757,294
['Testosterone'],6462,295
['Testosterone'],1576,295
['Testosterone'],367,295
['Testosterone'],1588,295
['Testosterone'],10280,295
Thiabendazole,23173,296
['Thioproperazine'],1813,297
['Thioproperazine'],1814,297
['Thioridazine'],1129,298
['Thioridazine'],3350,298
['Thioridazine'],150,298
['Thioridazine'],1813,298
['Thioridazine'],151,298
['Thioridazine'],152,298
['Thioridazine'],1131,298
['Thioridazine'],1812,298
['Thioridazine'],1815,298
['Thioridazine'],1816,298
['Thioridazine'],3356,298
['Thioridazine'],3358,298
['Thioridazine'],3363,298
['Thioridazine'],148,298
['Thioridazine'],3269,298
['Thioridazine'],1814,298
['Thioridazine'],3362,298
['Thioridazine'],3757,298
['Ticlopidine'],1555,299
['Ticlopidine'],1557,299
['Timolol'],153,300
['Timolol'],155,300
['Tolazoline'],150,301
['Tolazoline'],151,301
['Tolazoline'],152,301
['Tolazoline'],134864,301
Tolbutamide,213,302
['Tolmetin'],3576,303
['Tolmetin'],5743,303
['Topiramate'],771,304
['Topiramate'],759,304
['Topiramate'],760,304
['Topiramate'],762,304
['Topiramate'],763,304
['Topiramate'],766,304
['Topiramate'],768,304
['Topiramate'],377677,304
Tranexamic Acid,5340,305
['Trazodone'],3350,306
['Trazodone'],150,306
['Trazodone'],1813,306
['Trazodone'],6530,306
['Trazodone'],3356,306
['Trazodone'],3358,306
['Trazodone'],6532,306
['Trazodone'],3269,306
['Trazodone'],3357,306
['Trazodone'],6531,306
['Trichlormethiazide'],771,307
['Trichlormethiazide'],759,307
['Trichlormethiazide'],760,307
['Trichlormethiazide'],762,307
['Trichlormethiazide'],765,307
['Trichlormethiazide'],763,307
['Trichlormethiazide'],766,307
['Trichlormethiazide'],768,307
['Trichlormethiazide'],23632,307
['Trichlormethiazide'],11238,307
['Trifluoperazine'],1129,308
['Trifluoperazine'],5243,308
['Trifluoperazine'],3350,308
['Trifluoperazine'],150,308
['Trifluoperazine'],1813,308
['Trifluoperazine'],151,308
['Trifluoperazine'],152,308
['Trifluoperazine'],1131,308
['Trifluoperazine'],1815,308
['Trifluoperazine'],3356,308
['Trifluoperazine'],3358,308
['Trifluoperazine'],3363,308
['Trifluoperazine'],148,308
['Trifluoperazine'],3269,308
['Trifluoperazine'],1814,308
['Trifluoperazine'],3362,308
['Trifluoperazine'],801,308
['Trifluoperazine'],10682,308
['Trifluoperazine'],10280,308
['Trifluoperazine'],84650,308
Triflupromazine,1813,309
['Trihexyphenidyl'],1129,310
['Trihexyphenidyl'],1132,310
['Trihexyphenidyl'],1133,310
['Trihexyphenidyl'],1128,310
['Trihexyphenidyl'],1131,310
Trimethoprim,1719,311
['Trimipramine'],6530,312
['Trimipramine'],6532,312
['Trimipramine'],3269,312
['Trimipramine'],6531,312
Triprolidine,3269,313
['Troglitazone'],4129,314
['Troglitazone'],5468,314
Tropicamide,1132,315
Ursodeoxycholic acid,6554,316
['Valdecoxib'],4513,317
['Valdecoxib'],763,317
['Valdecoxib'],5743,317
['Valdecoxib'],768,317
['Valdecoxib'],377677,317
['Valdecoxib'],23632,317
['Valdecoxib'],11238,317
Valproic Acid,3065,318
['Verapamil'],6580,319
['Verapamil'],5243,319
['Verapamil'],1576,319
['Verapamil'],3738,319
['Verapamil'],4363,319
['Verapamil'],3757,319
['Verapamil'],775,319
['Verapamil'],219931,319
Vidarabine,1803,320
Vitamin C,151,321
['Vorinostat'],8841,322
['Vorinostat'],9611,322
['Vorinostat'],9759,322
['Vorinostat'],3065,322
['Vorinostat'],51564,322
['Vorinostat'],3066,322
['Vorinostat'],83933,322
['Vorinostat'],79885,322
['Vorinostat'],55869,322
['Vorinostat'],10013,322
['Vorinostat'],9734,322
['Vorinostat'],10014,322
['Xylometazoline'],150,323
['Xylometazoline'],151,323
['Xylometazoline'],152,323
['Xylometazoline'],3352,323
['Xylometazoline'],3351,323
['Xylometazoline'],148,323
['Yohimbine'],3350,324
['Yohimbine'],150,324
['Yohimbine'],1565,324
['Yohimbine'],151,324
['Yohimbine'],152,324
['Yohimbine'],146,324
['Yohimbine'],3352,324
['Yohimbine'],3351,324
['Yohimbine'],3356,324
['Yohimbine'],3358,324
['Yohimbine'],3354,324
['Yohimbine'],3355,324
['Yohimbine'],6532,324
['Yohimbine'],148,324
['Yohimbine'],147,324
['Yohimbine'],3357,324
Zalcitabine,7852,325
['Zidovudine'],7083,326
['Zidovudine'],7852,326
['Zimelidine'],1813,327
['Zimelidine'],6532,327
Zomepirac,5743,328
['ginkgolide-A'],2741,329
['ginkgolide-A'],2742,329
